sample,n_loci,n_used_fw_reads,mean_cov,mean_cov_ns,Raw,Espece,Notes_groupe,Region,Site,Shore
S_23_00979,126006,1272244,10.097,10.666,5025887,undatum,Groupe_EGSL_Portneuf_Offshore,EGSL,Portneuf,Offshore
S_23_00980,125093,1828147,14.614,15.721,7430966,undatum,Groupe_EGSL_Portneuf_Offshore,EGSL,Portneuf,Offshore
S_23_00981,127577,1985801,15.566,16.787,8084400,undatum,Groupe_EGSL_Portneuf_Offshore,EGSL,Portneuf,Offshore
S_23_00982,139457,2871873,20.593,22.719,11441948,undatum,Groupe_EGSL_Portneuf_Offshore,EGSL,Portneuf,Offshore
S_23_00983,144851,3094142,21.361,23.586,12204912,undatum,Groupe_EGSL_Portneuf_Offshore,EGSL,Portneuf,Offshore
S_23_00984,116829,1185952,10.151,10.713,4775236,undatum,Groupe_EGSL_Portneuf_Offshore,EGSL,Portneuf,Offshore
S_23_00985,116729,1493410,12.794,13.485,6023640,undatum,Groupe_EGSL_Portneuf_Offshore,EGSL,Portneuf,Offshore
S_23_00986,124650,2007455,16.105,17.222,8061526,undatum,Groupe_EGSL_Portneuf_Offshore,EGSL,Portneuf,Offshore
S_23_00987,126886,1691828,13.333,14.52,6666172,undatum,Groupe_EGSL_Portneuf_Offshore,EGSL,Portneuf,Offshore
S_23_00988,157103,2271676,14.46,16.796,9090642,undatum,Groupe_EGSL_Portneuf_Offshore,EGSL,Portneuf,Offshore
S_23_00989,150213,3412133,22.715,25.661,13516926,undatum,Groupe_EGSL_Portneuf_Offshore,EGSL,Portneuf,Offshore
S_23_00990,138273,1895134,13.706,14.899,7580290,undatum,Groupe_EGSL_Portneuf_Offshore,EGSL,Portneuf,Offshore
S_23_00991,123868,2569193,20.741,22.444,10339933,undatum,Groupe_EGSL_Portneuf_Offshore,EGSL,Portneuf,Offshore
S_23_00992,131582,2660548,20.22,21.964,10658084,undatum,Groupe_EGSL_Portneuf_Offshore,EGSL,Portneuf,Offshore
S_23_00993,117273,1454128,12.4,13.102,5856465,undatum,Groupe_EGSL_Portneuf_Offshore,EGSL,Portneuf,Offshore
S_23_00994,141760,3638111,25.664,29.078,14652122,undatum,Groupe_EGSL_Portneuf_Offshore,EGSL,Portneuf,Offshore
S_23_00995,149512,2622792,17.542,19.684,10557044,undatum,Groupe_EGSL_Portneuf_Offshore,EGSL,Portneuf,Offshore
S_23_00996,130093,1388669,10.674,11.582,5484596,undatum,Groupe_EGSL_Portneuf_Offshore,EGSL,Portneuf,Offshore
S_23_00997,141182,2429216,17.206,19.476,9840306,undatum,Groupe_EGSL_Portneuf_Offshore,EGSL,Portneuf,Offshore
S_23_00998,124851,1586405,12.706,13.643,6473661,undatum,Groupe_EGSL_Portneuf_Offshore,EGSL,Portneuf,Offshore
S_23_00999,131399,2039356,15.52,16.816,8226832,undatum,Groupe_EGSL_Portneuf_Offshore,EGSL,Portneuf,Offshore
S_23_01000,122151,1249046,10.225,10.835,5132053,undatum,Groupe_EGSL_Portneuf_Offshore,EGSL,Portneuf,Offshore
S_23_01001,107285,1077533,10.044,10.494,4417608,undatum,Groupe_EGSL_Portneuf_Offshore,EGSL,Portneuf,Offshore
S_23_01002,120344,1566690,13.018,14.007,6261887,undatum,Groupe_EGSL_Portneuf_Offshore,EGSL,Portneuf,Offshore
S_23_01003,141642,4094637,28.908,31.943,16501306,undatum,Groupe_EGSL_Portneuf_Offshore,EGSL,Portneuf,Offshore
S_23_01004,137026,1663847,12.143,13.347,6612637,undatum,Groupe_EGSL_Portneuf_Offshore,EGSL,Portneuf,Offshore
S_23_01005,130124,1991630,15.306,16.519,8054361,undatum,Groupe_EGSL_Portneuf_Offshore,EGSL,Portneuf,Offshore
S_23_01006,134378,3152805,23.462,26.605,12778062,undatum,Groupe_EGSL_Portneuf_Offshore,EGSL,Portneuf,Offshore
S_23_01007,134036,3036770,22.656,24.976,12293689,undatum,Groupe_EGSL_Portneuf_Offshore,EGSL,Portneuf,Offshore
S_23_01008,145556,2927428,20.112,22.365,11687061,undatum,Groupe_EGSL_Portneuf_Offshore,EGSL,Portneuf,Offshore
S_23_01010,149956,3181888,21.219,24.432,12684736,undatum,Groupe_EGSL_Portneuf_Offshore,EGSL,Portneuf,Offshore
S_23_01011,130724,1445852,11.06,11.94,5724877,undatum,Groupe_EGSL_Portneuf_Offshore,EGSL,Portneuf,Offshore
S_23_01012,102637,961655,9.369,9.814,3916193,undatum,Groupe_EGSL_Portneuf_Offshore,EGSL,Portneuf,Offshore
S_23_01013,129709,2629917,20.276,22.174,10664207,undatum,Groupe_EGSL_Portneuf_Offshore,EGSL,Portneuf,Offshore
S_23_01026,149526,3356366,22.447,25.712,13308097,undatum,Groupe_EGSL_Portneuf_Offshore,EGSL,Portneuf,Offshore
S_23_01043,127971,2075098,16.215,17.76,8359579,undatum,Groupe_EGSL_Baie_des_Bacon_Inshore,EGSL,Baie_des_Bacon,Inshore
S_23_01045,139948,2577238,18.416,20.375,10470620,undatum,Groupe_EGSL_Baie_des_Bacon_Inshore,EGSL,Baie_des_Bacon,Inshore
S_23_01046,143182,2436071,17.014,18.811,9819563,undatum,Groupe_EGSL_Baie_des_Bacon_Inshore,EGSL,Baie_des_Bacon,Inshore
S_23_01047,147426,2380016,16.144,18.074,9329961,undatum,Groupe_EGSL_Baie_des_Bacon_Inshore,EGSL,Baie_des_Bacon,Inshore
S_23_01048,141125,2377247,16.845,18.778,9198959,undatum,Groupe_EGSL_Baie_des_Bacon_Inshore,EGSL,Baie_des_Bacon,Inshore
S_23_01049,51702,338781,6.553,6.59,1536623,undatum,Groupe_EGSL_Baie_des_Bacon_Inshore,EGSL,Baie_des_Bacon,Inshore
S_23_01050,111672,1274701,11.415,12.197,5084130,undatum,Groupe_EGSL_Baie_des_Bacon_Inshore,EGSL,Baie_des_Bacon,Inshore
S_23_01051,97942,832553,8.5,8.904,3300750,undatum,Groupe_EGSL_Baie_des_Bacon_Inshore,EGSL,Baie_des_Bacon,Inshore
S_23_01053,141626,2346678,16.57,18.044,9189883,undatum,Groupe_EGSL_Baie_des_Bacon_Inshore,EGSL,Baie_des_Bacon,Inshore
S_23_01054,150664,3890825,25.825,29.815,15627001,undatum,Groupe_EGSL_Baie_des_Bacon_Inshore,EGSL,Baie_des_Bacon,Inshore
S_23_01055,56033,377278,6.733,6.798,1684847,undatum,Groupe_EGSL_Baie_des_Bacon_Inshore,EGSL,Baie_des_Bacon,Inshore
S_23_01056,125752,1896630,15.082,16.421,7526679,undatum,Groupe_EGSL_Baie_des_Bacon_Inshore,EGSL,Baie_des_Bacon,Inshore
S_23_01057,43504,279886,6.434,6.467,1340139,undatum,Groupe_EGSL_Baie_des_Bacon_Inshore,EGSL,Baie_des_Bacon,Inshore
S_23_01058,83050,626664,7.546,7.757,2615051,undatum,Groupe_EGSL_Baie_des_Bacon_Inshore,EGSL,Baie_des_Bacon,Inshore
S_23_01059,151011,2872488,19.022,21.604,11367113,undatum,Groupe_EGSL_Baie_des_Bacon_Inshore,EGSL,Baie_des_Bacon,Inshore
S_23_01060,145925,4224863,28.952,33.285,17187309,undatum,Groupe_EGSL_Baie_des_Bacon_Inshore,EGSL,Baie_des_Bacon,Inshore
S_23_01061,113381,1193828,10.529,11.171,4762753,undatum,Groupe_EGSL_Baie_des_Bacon_Inshore,EGSL,Baie_des_Bacon,Inshore
S_23_01062,2,7,3.5,3.52,706,undatum,Groupe_EGSL_Baie_des_Bacon_Inshore,EGSL,Baie_des_Bacon,Inshore
S_23_01064,141913,2105948,14.84,16.173,8363928,undatum,Groupe_EGSL_Baie_des_Bacon_Inshore,EGSL,Baie_des_Bacon,Inshore
S_23_01065,128485,2477631,19.283,20.696,9780261,undatum,Groupe_EGSL_Baie_des_Bacon_Inshore,EGSL,Baie_des_Bacon,Inshore
S_23_01066,50877,332117,6.528,6.585,1488385,undatum,Groupe_EGSL_Baie_des_Bacon_Inshore,EGSL,Baie_des_Bacon,Inshore
S_23_01067,139749,1767921,12.651,13.891,6704069,undatum,Groupe_EGSL_Baie_des_Bacon_Inshore,EGSL,Baie_des_Bacon,Inshore
S_23_01068,48431,307156,6.342,6.353,1423608,undatum,Groupe_EGSL_Baie_des_Bacon_Inshore,EGSL,Baie_des_Bacon,Inshore
S_23_01069,966,5129,5.31,5.073,42304,undatum,Groupe_EGSL_Baie_des_Bacon_Inshore,EGSL,Baie_des_Bacon,Inshore
S_23_01070,109606,1085165,9.901,10.435,4346666,undatum,Groupe_EGSL_Baie_des_Bacon_Inshore,EGSL,Baie_des_Bacon,Inshore
S_23_01071,55863,367851,6.585,6.663,1658892,undatum,Groupe_EGSL_Baie_des_Bacon_Inshore,EGSL,Baie_des_Bacon,Inshore
S_23_01072,140291,3958981,28.22,31.147,15833899,undatum,Groupe_EGSL_Baie_des_Bacon_Inshore,EGSL,Baie_des_Bacon,Inshore
S_23_01073,144817,3012216,20.8,23.384,11919317,undatum,Groupe_EGSL_Baie_des_Bacon_Inshore,EGSL,Baie_des_Bacon,Inshore
S_23_01075,118427,1099730,9.286,9.773,4307588,undatum,Groupe_EGSL_Baie_des_Bacon_Inshore,EGSL,Baie_des_Bacon,Inshore
S_23_01076,130569,2348625,17.988,19.446,9059731,undatum,Groupe_EGSL_Baie_des_Bacon_Inshore,EGSL,Baie_des_Bacon,Inshore
S_23_01076_rep,130688,1623169,12.42,13.299,6362598,undatum,Groupe_EGSL_Baie_des_Bacon_Inshore,EGSL,Baie_des_Bacon,Inshore
S_23_01077,128267,1545188,12.047,13,6103682,undatum,Groupe_EGSL_Baie_des_Bacon_Inshore,EGSL,Baie_des_Bacon,Inshore
S_23_01078,120367,1534562,12.749,13.504,6109390,undatum,Groupe_EGSL_Baie_des_Bacon_Inshore,EGSL,Baie_des_Bacon,Inshore
S_23_01094,84711,690704,8.154,8.441,2777630,undatum,Groupe_EGSL_Iles_Penchees_Inshore,EGSL,Iles_Penchees,Inshore
S_23_01095,41133,269928,6.562,6.588,1270028,undatum,Groupe_EGSL_Iles_Penchees_Inshore,EGSL,Iles_Penchees,Inshore
S_23_01096,138676,3630169,26.177,29.514,14844543,undatum,Groupe_EGSL_Iles_Penchees_Inshore,EGSL,Iles_Penchees,Inshore
S_23_01097,19300,114802,5.948,5.824,667481,undatum,Groupe_EGSL_Iles_Penchees_Inshore,EGSL,Iles_Penchees,Inshore
S_23_01098,155125,3514419,22.655,26.115,13333093,undatum,Groupe_EGSL_Iles_Penchees_Inshore,EGSL,Iles_Penchees,Inshore
S_23_01099,139120,1570470,11.289,12.347,6014798,undatum,Groupe_EGSL_Iles_Penchees_Inshore,EGSL,Iles_Penchees,Inshore
S_23_01100,31373,193479,6.167,6.146,975707,undatum,Groupe_EGSL_Iles_Penchees_Inshore,EGSL,Iles_Penchees,Inshore
S_23_01101,9593,55911,5.828,5.669,356797,undatum,Groupe_EGSL_Iles_Penchees_Inshore,EGSL,Iles_Penchees,Inshore
S_23_01102,146916,2694070,18.337,20.842,10688747,undatum,Groupe_EGSL_Iles_Penchees_Inshore,EGSL,Iles_Penchees,Inshore
S_23_01103,144124,2677561,18.578,20.795,10561274,undatum,Groupe_EGSL_Iles_Penchees_Inshore,EGSL,Iles_Penchees,Inshore
S_23_01104,132814,1414202,10.648,11.591,5596847,undatum,Groupe_EGSL_Iles_Penchees_Inshore,EGSL,Iles_Penchees,Inshore
S_23_01105,5940,36792,6.194,5.947,261353,undatum,Groupe_EGSL_Iles_Penchees_Inshore,EGSL,Iles_Penchees,Inshore
S_23_01106,140504,2221681,15.812,17.459,8974931,undatum,Groupe_EGSL_Iles_Penchees_Inshore,EGSL,Iles_Penchees,Inshore
S_23_01107,142920,2000112,13.995,15.636,7365656,undatum,Groupe_EGSL_Iles_Penchees_Inshore,EGSL,Iles_Penchees,Inshore
S_23_01108,156424,3359872,21.479,24.8,13240319,undatum,Groupe_EGSL_Iles_Penchees_Inshore,EGSL,Iles_Penchees,Inshore
S_23_01109,140606,2004183,14.254,15.64,8042644,undatum,Groupe_EGSL_Iles_Penchees_Inshore,EGSL,Iles_Penchees,Inshore
S_23_01110,38492,236411,6.142,6.098,1135325,undatum,Groupe_EGSL_Iles_Penchees_Inshore,EGSL,Iles_Penchees,Inshore
S_23_01111,136399,1778628,13.04,14.292,7001055,undatum,Groupe_EGSL_Iles_Penchees_Inshore,EGSL,Iles_Penchees,Inshore
S_23_01112,103797,865878,8.342,8.652,3591655,undatum,Groupe_EGSL_Iles_Penchees_Inshore,EGSL,Iles_Penchees,Inshore
S_23_01113,148550,2977327,20.043,22.547,11789279,undatum,Groupe_EGSL_Iles_Penchees_Inshore,EGSL,Iles_Penchees,Inshore
S_23_01114,138856,1896745,13.66,14.928,7686835,undatum,Groupe_EGSL_Iles_Penchees_Inshore,EGSL,Iles_Penchees,Inshore
S_23_01115,150955,3461085,22.928,26.124,13774946,undatum,Groupe_EGSL_Iles_Penchees_Inshore,EGSL,Iles_Penchees,Inshore
S_23_01116,141722,2869795,20.249,22.722,11058236,undatum,Groupe_EGSL_Iles_Penchees_Inshore,EGSL,Iles_Penchees,Inshore
S_23_01117,99443,876110,8.81,9.144,3665253,undatum,Groupe_EGSL_Iles_Penchees_Inshore,EGSL,Iles_Penchees,Inshore
S_23_01118,148777,2150655,14.456,16.399,8493411,undatum,Groupe_EGSL_Iles_Penchees_Inshore,EGSL,Iles_Penchees,Inshore
S_23_01119,71888,495995,6.9,7.017,2132118,undatum,Groupe_EGSL_Iles_Penchees_Inshore,EGSL,Iles_Penchees,Inshore
S_23_01120,113261,1080991,9.544,10.06,4395405,undatum,Groupe_EGSL_Iles_Penchees_Inshore,EGSL,Iles_Penchees,Inshore
S_23_01121,25014,151154,6.043,5.946,774323,undatum,Groupe_EGSL_Iles_Penchees_Inshore,EGSL,Iles_Penchees,Inshore
S_23_01122,133627,2725278,20.395,22.52,10698175,undatum,Groupe_EGSL_Iles_Penchees_Inshore,EGSL,Iles_Penchees,Inshore
S_23_01123,126678,2638051,20.825,22.476,10592898,undatum,Groupe_EGSL_Iles_Penchees_Inshore,EGSL,Iles_Penchees,Inshore
S_23_01124,121563,1759367,14.473,15.425,6938622,undatum,Groupe_EGSL_Iles_Penchees_Inshore,EGSL,Iles_Penchees,Inshore
S_23_01125,81633,657284,8.052,8.306,2743773,undatum,Groupe_EGSL_Iles_Penchees_Inshore,EGSL,Iles_Penchees,Inshore
S_23_01126,125746,2101532,16.713,18.116,8696972,undatum,Groupe_EGSL_Iles_Penchees_Inshore,EGSL,Iles_Penchees,Inshore
S_23_01127,20096,120723,6.007,5.908,682254,undatum,Groupe_EGSL_Iles_Penchees_Inshore,EGSL,Iles_Penchees,Inshore
S_23_01128,117617,1410141,11.989,12.775,5909088,undatum,Groupe_EGSL_Iles_Penchees_Inshore,EGSL,Iles_Penchees,Inshore
S_23_01144,132886,2306321,17.356,19.123,9342698,undatum,Groupe_EGSL_Bic1_Offshore,EGSL,Bic1,Offshore
S_23_01145,153500,2987136,19.46,22.61,11848686,undatum,Groupe_EGSL_Bic1_Offshore,EGSL,Bic1,Offshore
S_23_01146,141952,4054492,28.562,31.849,16374100,undatum,Groupe_EGSL_Bic1_Offshore,EGSL,Bic1,Offshore
S_23_01147,128239,2199161,17.149,18.671,8718052,undatum,Groupe_EGSL_Bic1_Offshore,EGSL,Bic1,Offshore
S_23_01148,96741,846985,8.755,9.032,3501046,undatum,Groupe_EGSL_Bic1_Offshore,EGSL,Bic1,Offshore
S_23_01149,130646,2264324,17.332,18.976,9377475,undatum,Groupe_EGSL_Bic1_Offshore,EGSL,Bic1,Offshore
S_23_01150,139090,1877424,13.498,14.686,7508311,undatum,Groupe_EGSL_Bic1_Offshore,EGSL,Bic1,Offshore
S_23_01151,148198,3467120,23.395,26.137,14065480,undatum,Groupe_EGSL_Bic1_Offshore,EGSL,Bic1,Offshore
S_23_01152,144814,2134369,14.739,16.495,8402792,undatum,Groupe_EGSL_Bic1_Offshore,EGSL,Bic1,Offshore
S_23_01153,136474,1997759,14.638,15.942,8116693,undatum,Groupe_EGSL_Bic1_Offshore,EGSL,Bic1,Offshore
S_23_01154,126220,1734153,13.739,14.751,7094206,undatum,Groupe_EGSL_Bic1_Offshore,EGSL,Bic1,Offshore
S_23_01155,155809,3241292,20.803,24.099,12752121,undatum,Groupe_EGSL_Bic1_Offshore,EGSL,Bic1,Offshore
S_23_01156,134575,2503883,18.606,20.296,10153746,undatum,Groupe_EGSL_Bic1_Offshore,EGSL,Bic1,Offshore
S_23_01157,136305,3506333,25.724,28.669,14558832,undatum,Groupe_EGSL_Bic1_Offshore,EGSL,Bic1,Offshore
S_23_01158,125908,1439664,11.434,12.215,5806121,undatum,Groupe_EGSL_Bic1_Offshore,EGSL,Bic1,Offshore
S_23_01159,147392,3287054,22.301,24.966,13138454,undatum,Groupe_EGSL_Bic1_Offshore,EGSL,Bic1,Offshore
S_23_01160,126923,2156743,16.993,18.282,8721998,undatum,Groupe_EGSL_Bic1_Offshore,EGSL,Bic1,Offshore
S_23_01161,127118,1351284,10.63,11.291,5473797,undatum,Groupe_EGSL_Bic1_Offshore,EGSL,Bic1,Offshore
S_23_01162,132119,3251345,24.609,26.914,13084146,undatum,Groupe_EGSL_Bic1_Offshore,EGSL,Bic1,Offshore
S_23_01163,130320,2000085,15.347,16.576,8091763,undatum,Groupe_EGSL_Bic1_Offshore,EGSL,Bic1,Offshore
S_23_01164,131728,2521611,19.143,20.901,10286398,undatum,Groupe_EGSL_Bic1_Offshore,EGSL,Bic1,Offshore
S_23_01165,129171,1381016,10.691,11.406,5502589,undatum,Groupe_EGSL_Bic1_Offshore,EGSL,Bic1,Offshore
S_23_01166,118780,1305092,10.987,11.799,5255333,undatum,Groupe_EGSL_Bic1_Offshore,EGSL,Bic1,Offshore
S_23_01167,121697,1403585,11.533,12.28,5716968,undatum,Groupe_EGSL_Bic1_Offshore,EGSL,Bic1,Offshore
S_23_01168,136633,2040920,14.937,16.26,8181976,undatum,Groupe_EGSL_Bic1_Offshore,EGSL,Bic1,Offshore
S_23_01169,128111,3029112,23.644,25.893,12283003,undatum,Groupe_EGSL_Bic1_Offshore,EGSL,Bic1,Offshore
S_23_01170,133791,2835157,21.191,23.39,11266317,undatum,Groupe_EGSL_Bic1_Offshore,EGSL,Bic1,Offshore
S_23_01171,144023,2546546,17.682,19.42,9996170,undatum,Groupe_EGSL_Bic1_Offshore,EGSL,Bic1,Offshore
S_23_01172,131583,2128818,16.179,17.56,8371163,undatum,Groupe_EGSL_Bic1_Offshore,EGSL,Bic1,Offshore
S_23_01173,138228,1882316,13.617,14.926,7374758,undatum,Groupe_EGSL_Bic1_Offshore,EGSL,Bic1,Offshore
S_23_01174,134958,1692321,12.54,13.48,6611934,undatum,Groupe_EGSL_Bic1_Offshore,EGSL,Bic1,Offshore
S_23_01175,149948,3054882,20.373,22.828,11818614,undatum,Groupe_EGSL_Bic1_Offshore,EGSL,Bic1,Offshore
S_23_01176,130283,1425311,10.94,11.735,5768664,undatum,Groupe_EGSL_Bic1_Offshore,EGSL,Bic1,Offshore
S_23_01177,140053,1967972,14.052,15.275,7765431,undatum,Groupe_EGSL_Bic1_Offshore,EGSL,Bic1,Offshore
S_23_01178,127755,2048628,16.036,17.233,8210679,undatum,Groupe_EGSL_Bic1_Offshore,EGSL,Bic1,Offshore
S_23_01193,115627,1496582,12.943,13.727,6099969,undatum,Groupe_EGSL_Bic2_Offshore,EGSL,Bic2,Offshore
S_23_01194,124759,1910568,15.314,16.506,7702528,undatum,Groupe_EGSL_Bic2_Offshore,EGSL,Bic2,Offshore
S_23_01195,130316,1624666,12.467,13.391,6482748,undatum,Groupe_EGSL_Bic2_Offshore,EGSL,Bic2,Offshore
S_23_01196,158187,2953517,18.671,21.812,11597576,undatum,Groupe_EGSL_Bic2_Offshore,EGSL,Bic2,Offshore
S_23_01196_rep,141419,3642697,25.758,28.702,14660524,undatum,Groupe_EGSL_Bic2_Offshore,EGSL,Bic2,Offshore
S_23_01197,145508,2243940,15.421,17.072,8958970,undatum,Groupe_EGSL_Bic2_Offshore,EGSL,Bic2,Offshore
S_23_01198,141225,2066839,14.635,15.985,8209064,undatum,Groupe_EGSL_Bic2_Offshore,EGSL,Bic2,Offshore
S_23_01199,131767,1472835,11.178,12,5908763,undatum,Groupe_EGSL_Bic2_Offshore,EGSL,Bic2,Offshore
S_23_01200,150694,2653507,17.609,19.968,10277993,undatum,Groupe_EGSL_Bic2_Offshore,EGSL,Bic2,Offshore
S_23_01201,152752,3546965,23.22,26.311,13934653,undatum,Groupe_EGSL_Bic2_Offshore,EGSL,Bic2,Offshore
S_23_01203,118439,1130260,9.543,10.049,4524829,undatum,Groupe_EGSL_Bic2_Offshore,EGSL,Bic2,Offshore
S_23_01204,136713,2462081,18.009,19.78,9847571,undatum,Groupe_EGSL_Bic2_Offshore,EGSL,Bic2,Offshore
S_23_01205,138579,2068627,14.927,16.602,8044240,undatum,Groupe_EGSL_Bic2_Offshore,EGSL,Bic2,Offshore
S_23_01206,134801,1758348,13.044,14.287,6936192,undatum,Groupe_EGSL_Bic2_Offshore,EGSL,Bic2,Offshore
S_23_01207,152836,5571134,36.452,41.988,22387273,undatum,Groupe_EGSL_Bic2_Offshore,EGSL,Bic2,Offshore
S_23_01208,138553,3911392,28.23,31.417,15715135,undatum,Groupe_EGSL_Bic2_Offshore,EGSL,Bic2,Offshore
S_23_01209,132992,3590139,26.995,29.447,14293052,undatum,Groupe_EGSL_Bic2_Offshore,EGSL,Bic2,Offshore
S_23_01210,145809,2498908,17.138,18.99,9855201,undatum,Groupe_EGSL_Bic2_Offshore,EGSL,Bic2,Offshore
S_23_01211,117930,1164157,9.872,10.396,4618765,undatum,Groupe_EGSL_Bic2_Offshore,EGSL,Bic2,Offshore
S_23_01212,143348,2331039,16.261,17.838,9124308,undatum,Groupe_EGSL_Bic2_Offshore,EGSL,Bic2,Offshore
S_23_01213,127551,1729493,13.559,14.569,6868183,undatum,Groupe_EGSL_Bic2_Offshore,EGSL,Bic2,Offshore
S_23_01214,134022,2707539,20.202,22.099,10987919,undatum,Groupe_EGSL_Bic2_Offshore,EGSL,Bic2,Offshore
S_23_01215,136017,2589006,19.034,20.883,10460415,undatum,Groupe_EGSL_Bic2_Offshore,EGSL,Bic2,Offshore
S_23_01216,156765,3379020,21.555,25.553,13407552,undatum,Groupe_EGSL_Bic2_Offshore,EGSL,Bic2,Offshore
S_23_01217,141414,2760196,19.519,21.566,11026120,undatum,Groupe_EGSL_Bic2_Offshore,EGSL,Bic2,Offshore
S_23_01218,137252,4969491,36.207,40.228,19563046,undatum,Groupe_EGSL_Bic2_Offshore,EGSL,Bic2,Offshore
S_23_01219,101703,1153322,11.34,11.86,5015821,undatum,Groupe_EGSL_Bic2_Offshore,EGSL,Bic2,Offshore
S_23_01220,123544,1357026,10.984,11.772,5314026,undatum,Groupe_EGSL_Bic2_Offshore,EGSL,Bic2,Offshore
S_23_01221,137805,2935863,21.304,23.54,12168108,undatum,Groupe_EGSL_Bic2_Offshore,EGSL,Bic2,Offshore
S_23_01222,129826,2213686,17.051,18.583,8671875,undatum,Groupe_EGSL_Bic2_Offshore,EGSL,Bic2,Offshore
S_23_01223,129337,1384417,10.704,11.427,5603446,undatum,Groupe_EGSL_Bic2_Offshore,EGSL,Bic2,Offshore
S_23_01224,137687,2419414,17.572,19.251,9706650,undatum,Groupe_EGSL_Bic2_Offshore,EGSL,Bic2,Offshore
S_23_01226,125863,1324823,10.526,11.214,5215311,undatum,Groupe_EGSL_Bic2_Offshore,EGSL,Bic2,Offshore
S_23_01227,128614,1888880,14.686,16.38,7345944,undatum,Groupe_EGSL_Bic2_Offshore,EGSL,Bic2,Offshore
S_23_01228,131458,2012154,15.306,16.558,8140704,undatum,Groupe_EGSL_Bic2_Offshore,EGSL,Bic2,Offshore
S_23_01244,150582,4673792,31.038,35.936,18694143,undatum,Groupe_EGSL_Baie_Comeau1_Offshore,EGSL,Baie_Comeau1,Offshore
S_23_01245,151614,4076655,26.888,30.277,16025614,undatum,Groupe_EGSL_Baie_Comeau1_Offshore,EGSL,Baie_Comeau1,Offshore
S_23_01246,152380,4766797,31.282,35.638,18839537,undatum,Groupe_EGSL_Baie_Comeau1_Offshore,EGSL,Baie_Comeau1,Offshore
S_23_01247,135955,1718332,12.639,13.737,6971310,undatum,Groupe_EGSL_Baie_Comeau1_Offshore,EGSL,Baie_Comeau1,Offshore
S_23_01248,135832,1639496,12.07,13.162,6333720,undatum,Groupe_EGSL_Baie_Comeau1_Offshore,EGSL,Baie_Comeau1,Offshore
S_23_01249,130559,2505431,19.19,20.805,10051144,undatum,Groupe_EGSL_Baie_Comeau1_Offshore,EGSL,Baie_Comeau1,Offshore
S_23_01250,120731,1501660,12.438,13.252,6091246,undatum,Groupe_EGSL_Baie_Comeau1_Offshore,EGSL,Baie_Comeau1,Offshore
S_23_01251,135016,3534521,26.179,29.014,14407285,undatum,Groupe_EGSL_Baie_Comeau1_Offshore,EGSL,Baie_Comeau1,Offshore
S_23_01252,146893,3163711,21.538,23.982,12425350,undatum,Groupe_EGSL_Baie_Comeau1_Offshore,EGSL,Baie_Comeau1,Offshore
S_23_01253,151837,3949578,26.012,29.514,15670322,undatum,Groupe_EGSL_Baie_Comeau1_Offshore,EGSL,Baie_Comeau1,Offshore
S_23_01254,127336,1764163,13.854,15.05,6988496,undatum,Groupe_EGSL_Baie_Comeau1_Offshore,EGSL,Baie_Comeau1,Offshore
S_23_01255,118109,1567648,13.273,14.251,6784185,undatum,Groupe_EGSL_Baie_Comeau1_Offshore,EGSL,Baie_Comeau1,Offshore
S_23_01256,134010,1917394,14.308,15.855,7669029,undatum,Groupe_EGSL_Baie_Comeau1_Offshore,EGSL,Baie_Comeau1,Offshore
S_23_01257,126877,1613908,12.72,13.603,6453957,undatum,Groupe_EGSL_Baie_Comeau1_Offshore,EGSL,Baie_Comeau1,Offshore
S_23_01258,143330,2162349,15.087,16.616,8638795,undatum,Groupe_EGSL_Baie_Comeau1_Offshore,EGSL,Baie_Comeau1,Offshore
S_23_01259,146895,3813731,25.962,29.206,15238523,undatum,Groupe_EGSL_Baie_Comeau1_Offshore,EGSL,Baie_Comeau1,Offshore
S_23_01260,126454,2358804,18.653,20.168,9493281,undatum,Groupe_EGSL_Baie_Comeau1_Offshore,EGSL,Baie_Comeau1,Offshore
S_23_01261,152349,3650906,23.964,27.788,14366404,undatum,Groupe_EGSL_Baie_Comeau1_Offshore,EGSL,Baie_Comeau1,Offshore
S_23_01262,128885,2854996,22.151,24.099,11482510,undatum,Groupe_EGSL_Baie_Comeau1_Offshore,EGSL,Baie_Comeau1,Offshore
S_23_01263,152542,2371983,15.55,17.713,9291053,undatum,Groupe_EGSL_Baie_Comeau1_Offshore,EGSL,Baie_Comeau1,Offshore
S_23_01264,125503,1508369,12.019,12.818,6014224,undatum,Groupe_EGSL_Baie_Comeau1_Offshore,EGSL,Baie_Comeau1,Offshore
S_23_01265,117933,1318507,11.18,11.806,5326771,undatum,Groupe_EGSL_Baie_Comeau1_Offshore,EGSL,Baie_Comeau1,Offshore
S_23_01266,120346,1487560,12.361,13.235,6147868,undatum,Groupe_EGSL_Baie_Comeau1_Offshore,EGSL,Baie_Comeau1,Offshore
S_23_01267,137010,1659713,12.114,13.067,6532328,undatum,Groupe_EGSL_Baie_Comeau1_Offshore,EGSL,Baie_Comeau1,Offshore
S_23_01268,139893,1967643,14.065,15.321,7789664,undatum,Groupe_EGSL_Baie_Comeau1_Offshore,EGSL,Baie_Comeau1,Offshore
S_23_01269,128393,1749041,13.623,14.624,6892344,undatum,Groupe_EGSL_Baie_Comeau1_Offshore,EGSL,Baie_Comeau1,Offshore
S_23_01270,124803,1882002,15.08,16.14,7546839,undatum,Groupe_EGSL_Baie_Comeau1_Offshore,EGSL,Baie_Comeau1,Offshore
S_23_01271,106940,904765,8.46,8.741,3635461,undatum,Groupe_EGSL_Baie_Comeau1_Offshore,EGSL,Baie_Comeau1,Offshore
S_23_01272,134075,2491602,18.584,20.235,9726720,undatum,Groupe_EGSL_Baie_Comeau1_Offshore,EGSL,Baie_Comeau1,Offshore
S_23_01273,132938,1987355,14.949,16.091,7646494,undatum,Groupe_EGSL_Baie_Comeau1_Offshore,EGSL,Baie_Comeau1,Offshore
S_23_01274,126759,1311694,10.348,10.95,5223174,undatum,Groupe_EGSL_Baie_Comeau1_Offshore,EGSL,Baie_Comeau1,Offshore
S_23_01275,127848,1359633,10.635,11.306,5441450,undatum,Groupe_EGSL_Baie_Comeau1_Offshore,EGSL,Baie_Comeau1,Offshore
S_23_01276,133262,1488686,11.171,12.183,5798599,undatum,Groupe_EGSL_Baie_Comeau1_Offshore,EGSL,Baie_Comeau1,Offshore
S_23_01277,150476,3236786,21.51,24.532,12681178,undatum,Groupe_EGSL_Baie_Comeau1_Offshore,EGSL,Baie_Comeau1,Offshore
S_23_01278,151266,2579899,17.055,19.26,9987164,undatum,Groupe_EGSL_Baie_Comeau1_Offshore,EGSL,Baie_Comeau1,Offshore
S_23_01788,21946,128395,5.85,5.726,723771,undatum,Groupe_EGSL_Iles_de_la_Madeleine_Offshore,EGSL,Iles_de_la_Madeleine,Offshore
S_23_01789,147829,2645178,17.893,19.946,10537961,undatum,Groupe_EGSL_Iles_de_la_Madeleine_Offshore,EGSL,Iles_de_la_Madeleine,Offshore
S_23_01790,94492,752985,7.969,8.265,3171316,undatum,Groupe_EGSL_Iles_de_la_Madeleine_Offshore,EGSL,Iles_de_la_Madeleine,Offshore
S_23_01792,121306,1413897,11.656,12.406,5756434,undatum,Groupe_EGSL_Iles_de_la_Madeleine_Offshore,EGSL,Iles_de_la_Madeleine,Offshore
S_23_01794,119601,1147900,9.598,10.143,4694679,undatum,Groupe_EGSL_Iles_de_la_Madeleine_Offshore,EGSL,Iles_de_la_Madeleine,Offshore
S_23_01795,137698,1719246,12.486,13.551,6864656,undatum,Groupe_EGSL_Iles_de_la_Madeleine_Offshore,EGSL,Iles_de_la_Madeleine,Offshore
S_23_01796,120022,1380411,11.501,12.302,5813642,undatum,Groupe_EGSL_Iles_de_la_Madeleine_Offshore,EGSL,Iles_de_la_Madeleine,Offshore
S_23_01797,114164,1408715,12.339,13.098,5872616,undatum,Groupe_EGSL_Iles_de_la_Madeleine_Offshore,EGSL,Iles_de_la_Madeleine,Offshore
S_23_01798,133575,2266430,16.967,18.57,9349336,undatum,Groupe_EGSL_Iles_de_la_Madeleine_Offshore,EGSL,Iles_de_la_Madeleine,Offshore
S_23_01799,115492,1462104,12.66,13.521,6098955,undatum,Groupe_EGSL_Iles_de_la_Madeleine_Offshore,EGSL,Iles_de_la_Madeleine,Offshore
S_23_01800,118586,1108599,9.348,9.82,4482655,undatum,Groupe_EGSL_Iles_de_la_Madeleine_Offshore,EGSL,Iles_de_la_Madeleine,Offshore
S_23_01801,125837,1508418,11.987,12.941,6037433,undatum,Groupe_EGSL_Iles_de_la_Madeleine_Offshore,EGSL,Iles_de_la_Madeleine,Offshore
S_23_01802,146485,2387685,16.3,18.398,9443844,undatum,Groupe_EGSL_Iles_de_la_Madeleine_Offshore,EGSL,Iles_de_la_Madeleine,Offshore
S_23_01803,125215,1426000,11.388,12.275,5641409,undatum,Groupe_EGSL_Iles_de_la_Madeleine_Offshore,EGSL,Iles_de_la_Madeleine,Offshore
S_23_01803_rep,129476,2123632,16.402,17.706,8553611,undatum,Groupe_EGSL_Iles_de_la_Madeleine_Offshore,EGSL,Iles_de_la_Madeleine,Offshore
S_23_01804,149070,3924187,26.324,30.364,15650654,undatum,Groupe_EGSL_Iles_de_la_Madeleine_Offshore,EGSL,Iles_de_la_Madeleine,Offshore
S_23_01805,137075,2012906,14.685,16.067,8128583,undatum,Groupe_EGSL_Iles_de_la_Madeleine_Offshore,EGSL,Iles_de_la_Madeleine,Offshore
S_23_01806,122391,1502568,12.277,13.091,6059022,undatum,Groupe_EGSL_Iles_de_la_Madeleine_Offshore,EGSL,Iles_de_la_Madeleine,Offshore
S_23_01807,142016,1805285,12.712,13.967,7033016,undatum,Groupe_EGSL_Iles_de_la_Madeleine_Offshore,EGSL,Iles_de_la_Madeleine,Offshore
S_23_01808,132718,2922009,22.017,24.306,11885120,undatum,Groupe_EGSL_Iles_de_la_Madeleine_Offshore,EGSL,Iles_de_la_Madeleine,Offshore
S_23_01809,138027,3571649,25.876,28.874,14103130,undatum,Groupe_EGSL_Iles_de_la_Madeleine_Offshore,EGSL,Iles_de_la_Madeleine,Offshore
S_23_01810,131157,1628749,12.418,13.399,6574306,undatum,Groupe_EGSL_Iles_de_la_Madeleine_Offshore,EGSL,Iles_de_la_Madeleine,Offshore
S_23_01811,152739,3390113,22.195,25.391,13241562,undatum,Groupe_EGSL_Iles_de_la_Madeleine_Offshore,EGSL,Iles_de_la_Madeleine,Offshore
S_23_01812,102389,899020,8.78,9.083,3698064,undatum,Groupe_EGSL_Iles_de_la_Madeleine_Offshore,EGSL,Iles_de_la_Madeleine,Offshore
S_23_01813,145741,2912548,19.984,22.421,11772196,undatum,Groupe_EGSL_Iles_de_la_Madeleine_Offshore,EGSL,Iles_de_la_Madeleine,Offshore
S_23_01814,108633,1072696,9.874,10.321,4366650,undatum,Groupe_EGSL_Iles_de_la_Madeleine_Offshore,EGSL,Iles_de_la_Madeleine,Offshore
S_23_01815,131993,2795697,21.181,23.371,11091710,undatum,Groupe_EGSL_Iles_de_la_Madeleine_Offshore,EGSL,Iles_de_la_Madeleine,Offshore
S_23_01817,121964,1549156,12.702,13.609,6431435,undatum,Groupe_EGSL_Iles_de_la_Madeleine_Offshore,EGSL,Iles_de_la_Madeleine,Offshore
S_23_01818,112657,1802086,15.996,17.358,7393689,undatum,Groupe_EGSL_Iles_de_la_Madeleine_Offshore,EGSL,Iles_de_la_Madeleine,Offshore
S_23_01819,126636,1971910,15.571,16.735,7911102,undatum,Groupe_EGSL_Iles_de_la_Madeleine_Offshore,EGSL,Iles_de_la_Madeleine,Offshore
S_23_01820,103973,1001635,9.634,10.166,4002808,undatum,Groupe_EGSL_Iles_de_la_Madeleine_Offshore,EGSL,Iles_de_la_Madeleine,Offshore
S_23_01821,117603,1119170,9.517,9.988,4471019,undatum,Groupe_EGSL_Iles_de_la_Madeleine_Offshore,EGSL,Iles_de_la_Madeleine,Offshore
S_23_01822,10567,64096,6.066,5.707,411757,undatum,Groupe_EGSL_Iles_de_la_Madeleine_Offshore,EGSL,Iles_de_la_Madeleine,Offshore
S_23_01823,134128,2687468,20.037,22.176,10688580,undatum,Groupe_EGSL_Iles_de_la_Madeleine_Offshore,EGSL,Iles_de_la_Madeleine,Offshore
S_23_01824,135819,2027815,14.93,16.346,8175905,undatum,Groupe_EGSL_Iles_de_la_Madeleine_Offshore,EGSL,Iles_de_la_Madeleine,Offshore
S_23_01828,119140,1484780,12.462,13.251,6065561,undatum,Groupe_EGSL_Iles_de_la_Madeleine_Offshore,EGSL,Iles_de_la_Madeleine,Offshore
S_23_01842,129422,1518507,11.733,12.751,5840590,undatum,Groupe_EGSL_Pointe_a_Emile_Inshore,EGSL,Pointe_a_Emile,Inshore
S_23_01843,126689,1317698,10.401,11.053,5269309,undatum,Groupe_EGSL_Pointe_a_Emile_Inshore,EGSL,Pointe_a_Emile,Inshore
S_23_01844,100249,821147,8.191,8.495,3193879,undatum,Groupe_EGSL_Pointe_a_Emile_Inshore,EGSL,Pointe_a_Emile,Inshore
S_23_01845,102453,912467,8.906,9.285,3595169,undatum,Groupe_EGSL_Pointe_a_Emile_Inshore,EGSL,Pointe_a_Emile,Inshore
S_23_01846,123890,1510822,12.195,13.001,6090470,undatum,Groupe_EGSL_Pointe_a_Emile_Inshore,EGSL,Pointe_a_Emile,Inshore
S_23_01847,150392,3523706,23.43,26.844,13680868,undatum,Groupe_EGSL_Pointe_a_Emile_Inshore,EGSL,Pointe_a_Emile,Inshore
S_23_01848,123342,1726778,14,15.176,6825745,undatum,Groupe_EGSL_Pointe_a_Emile_Inshore,EGSL,Pointe_a_Emile,Inshore
S_23_01849,94454,734545,7.777,8.012,3020399,undatum,Groupe_EGSL_Pointe_a_Emile_Inshore,EGSL,Pointe_a_Emile,Inshore
S_23_01850,113805,1043736,9.171,9.635,4212620,undatum,Groupe_EGSL_Pointe_a_Emile_Inshore,EGSL,Pointe_a_Emile,Inshore
S_23_01851,131903,1579859,11.977,13.081,6312928,undatum,Groupe_EGSL_Pointe_a_Emile_Inshore,EGSL,Pointe_a_Emile,Inshore
S_23_01852,149657,3770551,25.195,28.755,14586631,undatum,Groupe_EGSL_Pointe_a_Emile_Inshore,EGSL,Pointe_a_Emile,Inshore
S_23_01853,67633,477966,7.067,7.149,2056775,undatum,Groupe_EGSL_Pointe_a_Emile_Inshore,EGSL,Pointe_a_Emile,Inshore
S_23_01854,17369,100872,5.808,5.647,610029,undatum,Groupe_EGSL_Pointe_a_Emile_Inshore,EGSL,Pointe_a_Emile,Inshore
S_23_01855,143681,2556365,17.792,19.725,10100684,undatum,Groupe_EGSL_Pointe_a_Emile_Inshore,EGSL,Pointe_a_Emile,Inshore
S_23_01856,75584,576565,7.628,7.855,2376731,undatum,Groupe_EGSL_Pointe_a_Emile_Inshore,EGSL,Pointe_a_Emile,Inshore
S_23_01857,134594,3406827,25.312,27.838,13794142,undatum,Groupe_EGSL_Pointe_a_Emile_Inshore,EGSL,Pointe_a_Emile,Inshore
S_23_01858,132078,1654631,12.528,13.486,6550857,undatum,Groupe_EGSL_Pointe_a_Emile_Inshore,EGSL,Pointe_a_Emile,Inshore
S_23_01859,134474,1782232,13.253,14.362,7271057,undatum,Groupe_EGSL_Pointe_a_Emile_Inshore,EGSL,Pointe_a_Emile,Inshore
S_23_01860,126370,1638892,12.969,14.069,6399018,undatum,Groupe_EGSL_Pointe_a_Emile_Inshore,EGSL,Pointe_a_Emile,Inshore
S_23_01863,112825,1130484,10.02,10.496,4555473,undatum,Groupe_EGSL_Pointe_a_Emile_Inshore,EGSL,Pointe_a_Emile,Inshore
S_23_01864,142920,2096916,14.672,16.166,7861686,undatum,Groupe_EGSL_Pointe_a_Emile_Inshore,EGSL,Pointe_a_Emile,Inshore
S_23_01865,110020,961749,8.742,9.057,3765107,undatum,Groupe_EGSL_Pointe_a_Emile_Inshore,EGSL,Pointe_a_Emile,Inshore
S_23_01866,7844,45431,5.792,5.505,309278,undatum,Groupe_EGSL_Pointe_a_Emile_Inshore,EGSL,Pointe_a_Emile,Inshore
S_23_01867,113330,1148664,10.136,10.627,4485818,undatum,Groupe_EGSL_Pointe_a_Emile_Inshore,EGSL,Pointe_a_Emile,Inshore
S_23_01868,2597,14483,5.577,5.307,124960,undatum,Groupe_EGSL_Pointe_a_Emile_Inshore,EGSL,Pointe_a_Emile,Inshore
S_23_01869,130008,1849190,14.224,15.35,7325622,undatum,Groupe_EGSL_Pointe_a_Emile_Inshore,EGSL,Pointe_a_Emile,Inshore
S_23_01871,139311,1717708,12.33,13.657,6517381,undatum,Groupe_EGSL_Pointe_a_Emile_Inshore,EGSL,Pointe_a_Emile,Inshore
S_23_01872,150384,3119041,20.741,23.355,11564690,undatum,Groupe_EGSL_Pointe_a_Emile_Inshore,EGSL,Pointe_a_Emile,Inshore
S_23_01873,132979,2481074,18.658,20.392,9662978,undatum,Groupe_EGSL_Pointe_a_Emile_Inshore,EGSL,Pointe_a_Emile,Inshore
S_23_01874,129836,2433701,18.744,20.346,9856913,undatum,Groupe_EGSL_Pointe_a_Emile_Inshore,EGSL,Pointe_a_Emile,Inshore
S_23_01875,140839,2996806,21.278,23.998,11623552,undatum,Groupe_EGSL_Pointe_a_Emile_Inshore,EGSL,Pointe_a_Emile,Inshore
S_23_01876,116097,1286250,11.079,11.717,5184292,undatum,Groupe_EGSL_Pointe_a_Emile_Inshore,EGSL,Pointe_a_Emile,Inshore
S_23_01877,137576,2297811,16.702,18.312,9042722,undatum,Groupe_EGSL_Pointe_a_Emile_Inshore,EGSL,Pointe_a_Emile,Inshore
S_23_01878,142054,2506516,17.645,19.373,9604331,undatum,Groupe_EGSL_Pointe_a_Emile_Inshore,EGSL,Pointe_a_Emile,Inshore
S_23_01890,115738,1420148,12.27,12.963,5777680,undatum,Groupe_EGSL_Mingan_Offshore,EGSL,Mingan,Offshore
S_23_01892,22276,132243,5.937,5.736,769835,undatum,Groupe_EGSL_Mingan_Offshore,EGSL,Mingan,Offshore
S_23_01893,81472,591745,7.263,7.38,2579036,undatum,Groupe_EGSL_Mingan_Offshore,EGSL,Mingan,Offshore
S_23_01894,147281,2844961,19.317,21.741,11450864,undatum,Groupe_EGSL_Mingan_Offshore,EGSL,Mingan,Offshore
S_23_01895,113692,1612261,14.181,15.096,6499202,undatum,Groupe_EGSL_Mingan_Offshore,EGSL,Mingan,Offshore
S_23_01896,117816,1344506,11.412,12.045,5247203,undatum,Groupe_EGSL_Mingan_Offshore,EGSL,Mingan,Offshore
S_23_01898,114242,1288017,11.274,11.962,5307825,undatum,Groupe_EGSL_Mingan_Offshore,EGSL,Mingan,Offshore
S_23_01899,126354,1352647,10.705,11.515,5304159,undatum,Groupe_EGSL_Mingan_Offshore,EGSL,Mingan,Offshore
S_23_01900,131196,1513215,11.534,12.409,6131085,undatum,Groupe_EGSL_Mingan_Offshore,EGSL,Mingan,Offshore
S_23_01901,2963,22216,7.498,6.933,633396,undatum,Groupe_EGSL_Mingan_Offshore,EGSL,Mingan,Offshore
S_23_01904,123138,2858061,23.21,25.206,11612756,undatum,Groupe_EGSL_Mingan_Offshore,EGSL,Mingan,Offshore
S_23_01905,145613,3163888,21.728,24.429,12427001,undatum,Groupe_EGSL_Mingan_Offshore,EGSL,Mingan,Offshore
S_23_01906,79406,569828,7.176,7.294,2462116,undatum,Groupe_EGSL_Mingan_Offshore,EGSL,Mingan,Offshore
S_23_01907,127249,1818870,14.294,15.487,7568759,undatum,Groupe_EGSL_Mingan_Offshore,EGSL,Mingan,Offshore
S_23_01908,110020,1207018,10.971,11.556,5007751,undatum,Groupe_EGSL_Mingan_Offshore,EGSL,Mingan,Offshore
S_23_01909,88411,713595,8.071,8.265,3022883,undatum,Groupe_EGSL_Mingan_Offshore,EGSL,Mingan,Offshore
S_23_01911,139486,1820725,13.053,14.521,7170883,undatum,Groupe_EGSL_Mingan_Offshore,EGSL,Mingan,Offshore
S_23_01912,129920,1449033,11.153,12.102,5604321,undatum,Groupe_EGSL_Mingan_Offshore,EGSL,Mingan,Offshore
S_23_01915,145299,3249013,22.361,25.131,13201658,undatum,Groupe_EGSL_Mingan_Offshore,EGSL,Mingan,Offshore
S_23_01916,135380,2740339,20.242,22.107,11012234,undatum,Groupe_EGSL_Mingan_Offshore,EGSL,Mingan,Offshore
S_23_01917,129103,1824051,14.129,15.507,7310794,undatum,Groupe_EGSL_Mingan_Offshore,EGSL,Mingan,Offshore
S_23_01918,145377,2303581,15.846,17.502,8642421,undatum,Groupe_EGSL_Mingan_Offshore,EGSL,Mingan,Offshore
S_23_01919,914,5109,5.59,5.297,57727,undatum,Groupe_EGSL_Mingan_Offshore,EGSL,Mingan,Offshore
S_23_01920,40667,250896,6.17,6.083,1252192,undatum,Groupe_EGSL_Mingan_Offshore,EGSL,Mingan,Offshore
S_23_01921,113815,1276502,11.216,11.89,5090685,undatum,Groupe_EGSL_Mingan_Offshore,EGSL,Mingan,Offshore
S_23_01923,138652,1911026,13.783,15.287,7544950,undatum,Groupe_EGSL_Mingan_Offshore,EGSL,Mingan,Offshore
S_23_01924,135203,1434973,10.613,11.562,5588989,undatum,Groupe_EGSL_Mingan_Offshore,EGSL,Mingan,Offshore
S_23_01925,132112,2365155,17.903,19.776,9458126,undatum,Groupe_EGSL_Mingan_Offshore,EGSL,Mingan,Offshore
S_23_01926,134807,1819610,13.498,14.727,7352293,undatum,Groupe_EGSL_Mingan_Offshore,EGSL,Mingan,Offshore
S_23_01927,120326,1373881,11.418,12.128,5598353,undatum,Groupe_EGSL_Mingan_Offshore,EGSL,Mingan,Offshore
S_23_01928,135437,2395769,17.689,19.608,9961905,undatum,Groupe_EGSL_Mingan_Offshore,EGSL,Mingan,Offshore
S_23_01999,147663,3093709,20.951,23.807,12162532,undatum,Groupe_EGSL_Forestville_Offshore,EGSL,Forestville,Offshore
S_23_02000,54615,352655,6.457,6.519,1626182,undatum,Groupe_EGSL_Forestville_Offshore,EGSL,Forestville,Offshore
S_23_02001,125925,1941721,15.42,16.554,7794854,undatum,Groupe_EGSL_Forestville_Offshore,EGSL,Forestville,Offshore
S_23_02002,107811,940600,8.725,9.125,3910436,undatum,Groupe_EGSL_Forestville_Offshore,EGSL,Forestville,Offshore
S_23_02003,67022,456137,6.806,6.854,2023530,undatum,Groupe_EGSL_Forestville_Offshore,EGSL,Forestville,Offshore
S_23_02004,106677,1156001,10.836,11.401,4701491,undatum,Groupe_EGSL_Forestville_Offshore,EGSL,Forestville,Offshore
S_23_02005,141754,2853950,20.133,22.505,11208872,undatum,Groupe_EGSL_Forestville_Offshore,EGSL,Forestville,Offshore
S_23_02006,152532,2894916,18.979,21.655,11267133,undatum,Groupe_EGSL_Forestville_Offshore,EGSL,Forestville,Offshore
S_23_02007,84555,629023,7.439,7.663,2598031,undatum,Groupe_EGSL_Forestville_Offshore,EGSL,Forestville,Offshore
S_23_02008,145382,2194474,15.095,16.903,8676712,undatum,Groupe_EGSL_Forestville_Offshore,EGSL,Forestville,Offshore
S_23_02009,133456,2433405,18.234,20.225,9642169,undatum,Groupe_EGSL_Forestville_Offshore,EGSL,Forestville,Offshore
S_23_02010,110117,1078037,9.79,10.316,4314121,undatum,Groupe_EGSL_Forestville_Offshore,EGSL,Forestville,Offshore
S_23_02011,129825,2416328,18.612,20.195,9659763,undatum,Groupe_EGSL_Forestville_Offshore,EGSL,Forestville,Offshore
S_23_02012,2427,13992,5.765,5.441,125431,undatum,Groupe_EGSL_Forestville_Offshore,EGSL,Forestville,Offshore
S_23_02013,18014,105071,5.833,5.645,628286,undatum,Groupe_EGSL_Forestville_Offshore,EGSL,Forestville,Offshore
S_23_02014,144373,2054784,14.232,15.864,8143904,undatum,Groupe_EGSL_Forestville_Offshore,EGSL,Forestville,Offshore
S_23_02015,35522,214057,6.026,5.992,1080938,undatum,Groupe_EGSL_Forestville_Offshore,EGSL,Forestville,Offshore
S_23_02016,71033,490924,6.911,7.037,2127955,undatum,Groupe_EGSL_Forestville_Offshore,EGSL,Forestville,Offshore
S_23_02017,134751,1728759,12.829,13.961,6891569,undatum,Groupe_EGSL_Forestville_Offshore,EGSL,Forestville,Offshore
S_23_02018,42502,264976,6.234,6.186,1276890,undatum,Groupe_EGSL_Forestville_Offshore,EGSL,Forestville,Offshore
S_23_02019,119937,1173714,9.786,10.347,4656210,undatum,Groupe_EGSL_Forestville_Offshore,EGSL,Forestville,Offshore
S_23_02020,116747,1323978,11.341,12.048,5278823,undatum,Groupe_EGSL_Forestville_Offshore,EGSL,Forestville,Offshore
S_23_02021,132987,1634445,12.29,13.261,6558980,undatum,Groupe_EGSL_Forestville_Offshore,EGSL,Forestville,Offshore
S_23_02022,134774,1554463,11.534,12.608,6140532,undatum,Groupe_EGSL_Forestville_Offshore,EGSL,Forestville,Offshore
S_23_02023,88938,680423,7.651,7.803,3854021,undatum,Groupe_EGSL_Forestville_Offshore,EGSL,Forestville,Offshore
S_23_02024,56910,382069,6.714,6.719,1746273,undatum,Groupe_EGSL_Forestville_Offshore,EGSL,Forestville,Offshore
S_23_02025,115130,1034620,8.987,9.433,4165156,undatum,Groupe_EGSL_Forestville_Offshore,EGSL,Forestville,Offshore
S_23_02026,130850,2514642,19.218,20.935,10093494,undatum,Groupe_EGSL_Forestville_Offshore,EGSL,Forestville,Offshore
S_23_02027,114677,1097214,9.568,10.049,4399442,undatum,Groupe_EGSL_Forestville_Offshore,EGSL,Forestville,Offshore
S_23_02028,140145,3136989,22.384,25.167,12350643,undatum,Groupe_EGSL_Forestville_Offshore,EGSL,Forestville,Offshore
S_23_02029,130047,1768854,13.602,14.647,7059781,undatum,Groupe_EGSL_Forestville_Offshore,EGSL,Forestville,Offshore
S_23_02030,15756,90117,5.72,5.465,577928,undatum,Groupe_EGSL_Forestville_Offshore,EGSL,Forestville,Offshore
S_23_02031,114360,1042743,9.118,9.552,4206390,undatum,Groupe_EGSL_Forestville_Offshore,EGSL,Forestville,Offshore
S_23_02032,135548,2727843,20.125,22.332,10867272,undatum,Groupe_EGSL_Forestville_Offshore,EGSL,Forestville,Offshore
S_23_02033,137384,1934615,14.082,15.47,7531647,undatum,Groupe_EGSL_Forestville_Offshore,EGSL,Forestville,Offshore
S_23_02034,138109,2213053,16.024,17.633,8960521,undatum,Groupe_EGSL_Baie_Comeau2_Offshore,EGSL,Baie_Comeau2,Offshore
S_23_02035,118172,1403814,11.879,12.656,5611933,undatum,Groupe_EGSL_Baie_Comeau2_Offshore,EGSL,Baie_Comeau2,Offshore
S_23_02036,50605,317623,6.277,6.284,1488047,undatum,Groupe_EGSL_Baie_Comeau2_Offshore,EGSL,Baie_Comeau2,Offshore
S_23_02037,128413,2013922,15.683,16.987,8225145,undatum,Groupe_EGSL_Baie_Comeau2_Offshore,EGSL,Baie_Comeau2,Offshore
S_23_02038,1226,7327,5.976,5.629,69994,undatum,Groupe_EGSL_Baie_Comeau2_Offshore,EGSL,Baie_Comeau2,Offshore
S_23_02039,6649,39826,5.99,5.698,300750,undatum,Groupe_EGSL_Baie_Comeau2_Offshore,EGSL,Baie_Comeau2,Offshore
S_23_02040,145907,2368312,16.232,17.98,9200093,undatum,Groupe_EGSL_Baie_Comeau2_Offshore,EGSL,Baie_Comeau2,Offshore
S_23_02041,54771,360463,6.581,6.587,1651434,undatum,Groupe_EGSL_Baie_Comeau2_Offshore,EGSL,Baie_Comeau2,Offshore
S_23_02042,127123,1639546,12.897,14.014,6341306,undatum,Groupe_EGSL_Baie_Comeau2_Offshore,EGSL,Baie_Comeau2,Offshore
S_23_02043,38568,239459,6.209,6.156,1166406,undatum,Groupe_EGSL_Baie_Comeau2_Offshore,EGSL,Baie_Comeau2,Offshore
S_23_02044,23962,143669,5.996,5.908,776019,undatum,Groupe_EGSL_Baie_Comeau2_Offshore,EGSL,Baie_Comeau2,Offshore
S_23_02045,25174,149832,5.952,5.844,827584,undatum,Groupe_EGSL_Baie_Comeau2_Offshore,EGSL,Baie_Comeau2,Offshore
S_23_02046,115282,1102139,9.56,10.201,4353940,undatum,Groupe_EGSL_Baie_Comeau2_Offshore,EGSL,Baie_Comeau2,Offshore
S_23_02047,40252,246357,6.12,6.052,1218530,undatum,Groupe_EGSL_Baie_Comeau2_Offshore,EGSL,Baie_Comeau2,Offshore
S_23_02048,130796,1817516,13.896,14.993,7283641,undatum,Groupe_EGSL_Baie_Comeau2_Offshore,EGSL,Baie_Comeau2,Offshore
S_23_02050,4094,23897,5.837,5.561,185006,undatum,Groupe_EGSL_Baie_Comeau2_Offshore,EGSL,Baie_Comeau2,Offshore
S_23_02051,29672,177272,5.974,5.84,921159,undatum,Groupe_EGSL_Baie_Comeau2_Offshore,EGSL,Baie_Comeau2,Offshore
S_23_02052,3319,19467,5.865,5.625,162801,undatum,Groupe_EGSL_Baie_Comeau2_Offshore,EGSL,Baie_Comeau2,Offshore
S_23_02053,70261,540761,7.696,7.93,2304716,undatum,Groupe_EGSL_Baie_Comeau2_Offshore,EGSL,Baie_Comeau2,Offshore
S_23_02054,31737,192776,6.074,6.042,1000473,undatum,Groupe_EGSL_Baie_Comeau2_Offshore,EGSL,Baie_Comeau2,Offshore
S_23_02055,1467,8544,5.824,5.525,85704,undatum,Groupe_EGSL_Baie_Comeau2_Offshore,EGSL,Baie_Comeau2,Offshore
S_23_02056,50825,327325,6.44,6.467,1562868,undatum,Groupe_EGSL_Baie_Comeau2_Offshore,EGSL,Baie_Comeau2,Offshore
S_23_02057,150211,2629717,17.507,19.792,10371548,undatum,Groupe_EGSL_Baie_Comeau2_Offshore,EGSL,Baie_Comeau2,Offshore
S_23_02058,8138,47878,5.883,5.663,334201,undatum,Groupe_EGSL_Baie_Comeau2_Offshore,EGSL,Baie_Comeau2,Offshore
S_23_02059,147081,3283279,22.323,25.49,13382881,undatum,Groupe_EGSL_Baie_Comeau2_Offshore,EGSL,Baie_Comeau2,Offshore
S_23_02060,660,3645,5.523,5.522,50669,undatum,Groupe_EGSL_Baie_Comeau2_Offshore,EGSL,Baie_Comeau2,Offshore
S_23_02061,14679,86828,5.915,5.702,538857,undatum,Groupe_EGSL_Baie_Comeau2_Offshore,EGSL,Baie_Comeau2,Offshore
S_23_02062,8618,50160,5.82,5.644,336424,undatum,Groupe_EGSL_Baie_Comeau2_Offshore,EGSL,Baie_Comeau2,Offshore
S_23_02064,79044,647212,8.188,8.521,2699600,undatum,Groupe_EGSL_Baie_Comeau2_Offshore,EGSL,Baie_Comeau2,Offshore
S_23_02065,51496,358423,6.96,7.048,1616698,undatum,Groupe_EGSL_Baie_Comeau2_Offshore,EGSL,Baie_Comeau2,Offshore
S_23_02066,30719,184822,6.017,5.986,930823,undatum,Groupe_EGSL_Baie_Comeau2_Offshore,EGSL,Baie_Comeau2,Offshore
S_23_02067,12225,70501,5.767,5.58,463347,undatum,Groupe_EGSL_Baie_Comeau2_Offshore,EGSL,Baie_Comeau2,Offshore
S_23_02068,2384,14233,5.97,5.756,123655,undatum,Groupe_EGSL_Baie_Comeau2_Offshore,EGSL,Baie_Comeau2,Offshore
S_23_02095,131436,2750325,20.925,22.972,11335464,undatum,Groupe_Baie_de_Fundy_SA_Inshore,Baie_de_Fundy,SA,Inshore
S_23_02096,161193,2794034,17.333,20.713,11285051,undatum,Groupe_Baie_de_Fundy_SA_Inshore,Baie_de_Fundy,SA,Inshore
S_23_02097,9432,54853,5.816,5.482,399934,undatum,Groupe_Baie_de_Fundy_SA_Inshore,Baie_de_Fundy,SA,Inshore
S_23_02098,123144,1503538,12.21,13.139,5964234,undatum,Groupe_Baie_de_Fundy_SA_Inshore,Baie_de_Fundy,SA,Inshore
S_23_02099,111120,1162189,10.459,11.169,4883085,undatum,Groupe_Baie_de_Fundy_SA_Inshore,Baie_de_Fundy,SA,Inshore
S_23_02100,128549,1746281,13.585,14.784,7097049,undatum,Groupe_Baie_de_Fundy_SA_Inshore,Baie_de_Fundy,SA,Inshore
S_23_02101,149282,2118681,14.192,15.998,8220250,undatum,Groupe_Baie_de_Fundy_SA_Inshore,Baie_de_Fundy,SA,Inshore
S_23_02102,145641,2371926,16.286,18.366,9305059,undatum,Groupe_Baie_de_Fundy_SA_Inshore,Baie_de_Fundy,SA,Inshore
S_23_02103,92664,761632,8.219,8.469,3340589,undatum,Groupe_Baie_de_Fundy_SA_Inshore,Baie_de_Fundy,SA,Inshore
S_23_02104,141524,5004933,35.365,40.724,20754236,undatum,Groupe_Baie_de_Fundy_SA_Inshore,Baie_de_Fundy,SA,Inshore
S_23_02105,142807,4326196,30.294,34.481,17717637,undatum,Groupe_Baie_de_Fundy_SA_Inshore,Baie_de_Fundy,SA,Inshore
S_23_02106,153232,2397849,15.648,17.938,9588131,undatum,Groupe_Baie_de_Fundy_SA_Inshore,Baie_de_Fundy,SA,Inshore
S_23_02107,147451,2682151,18.19,20.306,10665747,undatum,Groupe_Baie_de_Fundy_SA_Inshore,Baie_de_Fundy,SA,Inshore
S_23_02108,125785,1931305,15.354,16.498,7829308,undatum,Groupe_Baie_de_Fundy_SA_Inshore,Baie_de_Fundy,SA,Inshore
S_23_02109,151480,3915088,25.846,29.352,15443376,undatum,Groupe_Baie_de_Fundy_SA_Inshore,Baie_de_Fundy,SA,Inshore
S_23_02110,123347,1652872,13.4,14.385,6699794,undatum,Groupe_Baie_de_Fundy_SA_Inshore,Baie_de_Fundy,SA,Inshore
S_23_02111,151770,4827707,31.809,36.22,19432306,undatum,Groupe_Baie_de_Fundy_SA_Inshore,Baie_de_Fundy,SA,Inshore
S_23_02112,131730,3122605,23.705,25.875,12626062,undatum,Groupe_Baie_de_Fundy_SA_Inshore,Baie_de_Fundy,SA,Inshore
S_23_02113,146139,3821757,26.152,29.465,15505389,undatum,Groupe_Baie_de_Fundy_SA_Inshore,Baie_de_Fundy,SA,Inshore
S_23_02114,136934,1748986,12.772,13.893,7094026,undatum,Groupe_Baie_de_Fundy_SA_Inshore,Baie_de_Fundy,SA,Inshore
S_23_02115,153515,2636233,17.172,19.856,10323626,undatum,Groupe_Baie_de_Fundy_SA_Inshore,Baie_de_Fundy,SA,Inshore
S_23_02116,173826,5478382,31.516,39.532,21585050,undatum,Groupe_Baie_de_Fundy_SA_Inshore,Baie_de_Fundy,SA,Inshore
S_23_02117,139428,2176656,15.611,17.147,8864600,undatum,Groupe_Baie_de_Fundy_SA_Inshore,Baie_de_Fundy,SA,Inshore
S_23_02118,159024,5675323,35.688,42.179,22883051,undatum,Groupe_Baie_de_Fundy_SA_Inshore,Baie_de_Fundy,SA,Inshore
S_23_02119,139896,4057767,29.006,32.186,16458748,undatum,Groupe_Baie_de_Fundy_SA_Inshore,Baie_de_Fundy,SA,Inshore
S_23_02120,149103,3843001,25.774,28.913,15395255,undatum,Groupe_Baie_de_Fundy_SA_Inshore,Baie_de_Fundy,SA,Inshore
S_23_02121,142625,2466655,17.295,19.113,9989832,undatum,Groupe_Baie_de_Fundy_SA_Inshore,Baie_de_Fundy,SA,Inshore
S_23_02122,143278,4303366,30.035,33.67,17502342,undatum,Groupe_Baie_de_Fundy_SA_Inshore,Baie_de_Fundy,SA,Inshore
S_23_02123,145931,3997147,27.391,31.668,16269759,undatum,Groupe_Baie_de_Fundy_SA_Inshore,Baie_de_Fundy,SA,Inshore
S_23_02124,155802,5690325,36.523,42.865,23017594,undatum,Groupe_Baie_de_Fundy_SA_Inshore,Baie_de_Fundy,SA,Inshore
S_23_02125,121701,1647232,13.535,14.593,6900643,undatum,Groupe_Baie_de_Fundy_SA_Inshore,Baie_de_Fundy,SA,Inshore
S_23_02125_rep,134668,4606684,34.208,38.193,18825816,undatum,Groupe_Baie_de_Fundy_SA_Inshore,Baie_de_Fundy,SA,Inshore
S_23_02126,130278,1973408,15.148,16.659,8078907,undatum,Groupe_Baie_de_Fundy_SA_Inshore,Baie_de_Fundy,SA,Inshore
S_23_02127,132308,2384134,18.02,19.792,9669098,undatum,Groupe_Baie_de_Fundy_SA_Inshore,Baie_de_Fundy,SA,Inshore
S_23_02128,139596,1914262,13.713,15.094,7896583,undatum,Groupe_Baie_de_Fundy_SA_Inshore,Baie_de_Fundy,SA,Inshore
S_23_02129,137695,2661162,19.326,21.362,11021236,undatum,Groupe_Baie_de_Fundy_SA_Inshore,Baie_de_Fundy,SA,Inshore
S_23_02131,124226,1889245,15.208,16.398,7708120,undatum,Groupe_Baie_de_Fundy_GP_Inshore,Baie_de_Fundy,GP,Inshore
S_23_02132,129550,2652725,20.476,22.355,10723366,undatum,Groupe_Baie_de_Fundy_GP_Inshore,Baie_de_Fundy,GP,Inshore
S_23_02133,129080,1909038,14.79,16.115,7926737,undatum,Groupe_Baie_de_Fundy_GP_Inshore,Baie_de_Fundy,GP,Inshore
S_23_02134,128671,2684352,20.862,22.821,11115496,undatum,Groupe_Baie_de_Fundy_GP_Inshore,Baie_de_Fundy,GP,Inshore
S_23_02136,138429,2771757,20.023,21.979,11081089,undatum,Groupe_Baie_de_Fundy_GP_Inshore,Baie_de_Fundy,GP,Inshore
S_23_02137,137448,2437205,17.732,19.541,9906452,undatum,Groupe_Baie_de_Fundy_GP_Inshore,Baie_de_Fundy,GP,Inshore
S_23_02138,131646,1467743,11.149,11.995,5943378,undatum,Groupe_Baie_de_Fundy_GP_Inshore,Baie_de_Fundy,GP,Inshore
S_23_02139,147638,3883834,26.306,29.761,15714643,undatum,Groupe_Baie_de_Fundy_GP_Inshore,Baie_de_Fundy,GP,Inshore
S_23_02140,153465,4437709,28.917,33.747,17685244,undatum,Groupe_Baie_de_Fundy_GP_Inshore,Baie_de_Fundy,GP,Inshore
S_23_02141,127752,2664841,20.859,22.554,10704154,undatum,Groupe_Baie_de_Fundy_GP_Inshore,Baie_de_Fundy,GP,Inshore
S_23_02142,108141,1102230,10.193,10.806,4486699,undatum,Groupe_Baie_de_Fundy_GP_Inshore,Baie_de_Fundy,GP,Inshore
S_23_02143,160769,4469993,27.804,32.858,17641450,undatum,Groupe_Baie_de_Fundy_GP_Inshore,Baie_de_Fundy,GP,Inshore
S_23_02144,154357,5618030,36.396,41.777,22497553,undatum,Groupe_Baie_de_Fundy_GP_Inshore,Baie_de_Fundy,GP,Inshore
S_23_02145,134201,2178965,16.237,17.809,8631019,undatum,Groupe_Baie_de_Fundy_GP_Inshore,Baie_de_Fundy,GP,Inshore
S_23_02146,148355,3288485,22.166,24.769,12989459,undatum,Groupe_Baie_de_Fundy_GP_Inshore,Baie_de_Fundy,GP,Inshore
S_23_02147,137332,1978260,14.405,15.652,7851605,undatum,Groupe_Baie_de_Fundy_GP_Inshore,Baie_de_Fundy,GP,Inshore
S_23_02148,133751,2100889,15.707,17.059,8337108,undatum,Groupe_Baie_de_Fundy_GP_Inshore,Baie_de_Fundy,GP,Inshore
S_23_02149,129295,2882697,22.296,24.06,11566999,undatum,Groupe_Baie_de_Fundy_GP_Inshore,Baie_de_Fundy,GP,Inshore
S_23_02150,146796,1972251,13.435,15.06,7692676,undatum,Groupe_Baie_de_Fundy_GP_Inshore,Baie_de_Fundy,GP,Inshore
S_23_02151,133838,3059505,22.86,25.047,12348147,undatum,Groupe_Baie_de_Fundy_GP_Inshore,Baie_de_Fundy,GP,Inshore
S_23_02152,140738,2427013,17.245,19.284,9622538,undatum,Groupe_Baie_de_Fundy_GP_Inshore,Baie_de_Fundy,GP,Inshore
S_23_02153,139563,2435522,17.451,19.365,9753138,undatum,Groupe_Baie_de_Fundy_GP_Inshore,Baie_de_Fundy,GP,Inshore
S_23_02154,143477,3567891,24.867,27.976,14473369,undatum,Groupe_Baie_de_Fundy_GP_Inshore,Baie_de_Fundy,GP,Inshore
S_23_02155,139958,2969482,21.217,23.742,11636227,undatum,Groupe_Baie_de_Fundy_GP_Inshore,Baie_de_Fundy,GP,Inshore
S_23_02156,156057,3781665,24.233,27.936,14700824,undatum,Groupe_Baie_de_Fundy_GP_Inshore,Baie_de_Fundy,GP,Inshore
S_23_02157,145035,1838417,12.676,14.08,6881800,undatum,Groupe_Baie_de_Fundy_GP_Inshore,Baie_de_Fundy,GP,Inshore
S_23_02158,150784,3247378,21.537,24.289,12934049,undatum,Groupe_Baie_de_Fundy_GP_Inshore,Baie_de_Fundy,GP,Inshore
S_23_02159,146755,4024020,27.42,31.789,16204570,undatum,Groupe_Baie_de_Fundy_GP_Inshore,Baie_de_Fundy,GP,Inshore
S_23_02160,133949,3495914,26.099,28.812,14200746,undatum,Groupe_Baie_de_Fundy_GP_Inshore,Baie_de_Fundy,GP,Inshore
S_23_02161,135215,1620332,11.983,12.918,6420903,undatum,Groupe_Baie_de_Fundy_GP_Inshore,Baie_de_Fundy,GP,Inshore
S_23_02161_rep,140927,2560651,18.17,20.023,10218110,undatum,Groupe_Baie_de_Fundy_GP_Inshore,Baie_de_Fundy,GP,Inshore
S_23_02162,136033,3039227,22.342,24.898,12066680,undatum,Groupe_Baie_de_Fundy_GP_Inshore,Baie_de_Fundy,GP,Inshore
S_23_02163,123388,1514480,12.274,13.177,6229283,undatum,Groupe_Baie_de_Fundy_GP_Inshore,Baie_de_Fundy,GP,Inshore
S_23_02164,80418,611677,7.606,7.76,2642573,undatum,Groupe_Baie_de_Fundy_GL_Offshore,Baie_de_Fundy,GL,Offshore
S_23_02165,135872,1862883,13.711,15.225,7401589,undatum,Groupe_Baie_de_Fundy_GL_Offshore,Baie_de_Fundy,GL,Offshore
S_23_02166,131170,2626066,20.02,21.863,10764208,undatum,Groupe_Baie_de_Fundy_GL_Offshore,Baie_de_Fundy,GL,Offshore
S_23_02167,137044,2404488,17.545,19.252,9693641,undatum,Groupe_Baie_de_Fundy_GL_Offshore,Baie_de_Fundy,GL,Offshore
S_23_02168,144743,1908182,13.183,14.808,7518837,undatum,Groupe_Baie_de_Fundy_GL_Offshore,Baie_de_Fundy,GL,Offshore
S_23_02169,143533,2812704,19.596,22.565,11286334,undatum,Groupe_Baie_de_Fundy_GL_Offshore,Baie_de_Fundy,GL,Offshore
S_23_02170,137639,1559199,11.328,12.436,6134420,undatum,Groupe_Baie_de_Fundy_GL_Offshore,Baie_de_Fundy,GL,Offshore
S_23_02171,111495,1169117,10.486,11.011,4761998,undatum,Groupe_Baie_de_Fundy_GL_Offshore,Baie_de_Fundy,GL,Offshore
S_23_02172,116247,1048974,9.024,9.428,4202676,undatum,Groupe_Baie_de_Fundy_GL_Offshore,Baie_de_Fundy,GL,Offshore
S_23_02173,111363,1010910,9.078,9.507,4039418,undatum,Groupe_Baie_de_Fundy_GL_Offshore,Baie_de_Fundy,GL,Offshore
S_23_02174,131887,2309739,17.513,19.301,9104666,undatum,Groupe_Baie_de_Fundy_GL_Offshore,Baie_de_Fundy,GL,Offshore
S_23_02175,144164,2014474,13.973,15.652,7954719,undatum,Groupe_Baie_de_Fundy_GL_Offshore,Baie_de_Fundy,GL,Offshore
S_23_02176,144388,2508057,17.37,19.208,9732497,undatum,Groupe_Baie_de_Fundy_GL_Offshore,Baie_de_Fundy,GL,Offshore
S_23_02177,140772,2106979,14.967,16.724,8262538,undatum,Groupe_Baie_de_Fundy_GL_Offshore,Baie_de_Fundy,GL,Offshore
S_23_02178,149663,2769940,18.508,20.81,11121994,undatum,Groupe_Baie_de_Fundy_GL_Offshore,Baie_de_Fundy,GL,Offshore
S_23_02179,156516,2611028,16.682,19.144,10176552,undatum,Groupe_Baie_de_Fundy_GL_Offshore,Baie_de_Fundy,GL,Offshore
S_23_02180,163297,3269561,20.022,23.881,12806008,undatum,Groupe_Baie_de_Fundy_GL_Offshore,Baie_de_Fundy,GL,Offshore
S_23_02181,132355,2618508,19.784,21.825,10412897,undatum,Groupe_Baie_de_Fundy_GL_Offshore,Baie_de_Fundy,GL,Offshore
S_23_02184,85990,718076,8.351,7.776,3033440,undatum,Groupe_Newfoundland_NL_Offshore,Newfoundland,NL,Offshore
S_23_02185,99697,999014,10.021,9.921,4116065,undatum,Groupe_Newfoundland_NL_Offshore,Newfoundland,NL,Offshore
S_23_02186,110930,1160632,10.463,10.923,4758242,undatum,Groupe_Newfoundland_NL_Offshore,Newfoundland,NL,Offshore
S_23_02187,118536,1398459,11.798,11.622,5546739,undatum,Groupe_Newfoundland_NL_Offshore,Newfoundland,NL,Offshore
S_23_02188,103660,1046461,10.095,9.187,4279607,undatum,Groupe_Newfoundland_NL_Offshore,Newfoundland,NL,Offshore
S_23_02189,112785,1248724,11.072,11.719,5077864,undatum,Groupe_Newfoundland_NL_Offshore,Newfoundland,NL,Offshore
S_23_02190,122024,1378360,11.296,12.227,5572500,undatum,Groupe_Newfoundland_NL_Offshore,Newfoundland,NL,Offshore
S_23_02191,100094,873148,8.723,9.052,3734713,undatum,Groupe_Newfoundland_NL_Offshore,Newfoundland,NL,Offshore
S_23_02192,156519,3049842,19.485,21.646,11765163,undatum,Groupe_Newfoundland_NL_Offshore,Newfoundland,NL,Offshore
S_23_02193,115498,1335226,11.561,11.988,5466096,undatum,Groupe_Newfoundland_NL_Offshore,Newfoundland,NL,Offshore
S_23_02194,96245,801818,8.331,7.95,3186563,undatum,Groupe_Newfoundland_NL_Offshore,Newfoundland,NL,Offshore
S_23_02195,95376,1052572,11.036,10.859,4460924,undatum,Groupe_Newfoundland_NL_Offshore,Newfoundland,NL,Offshore
S_23_02196,113552,1289775,11.358,9.437,6622175,undatum,Groupe_Newfoundland_NL_Offshore,Newfoundland,NL,Offshore
S_23_02197,60507,660433,10.915,8.851,3046307,undatum,Groupe_Newfoundland_NL_Offshore,Newfoundland,NL,Offshore
S_23_02198,124689,1942793,15.581,14.421,8440249,undatum,Groupe_Newfoundland_NL_Offshore,Newfoundland,NL,Offshore
S_23_02199,130740,1857659,14.209,14.457,7543031,undatum,Groupe_Newfoundland_NL_Offshore,Newfoundland,NL,Offshore
S_23_02200,133758,1819755,13.605,13.954,7243332,undatum,Groupe_Newfoundland_NL_Offshore,Newfoundland,NL,Offshore
S_23_02201,105006,1001564,9.538,9.243,4086375,undatum,Groupe_Newfoundland_NL_Offshore,Newfoundland,NL,Offshore
S_23_02202,97020,805416,8.302,8.09,3288943,undatum,Groupe_Newfoundland_NL_Offshore,Newfoundland,NL,Offshore
S_23_02203,110747,1228132,11.09,8.896,8262312,undatum,Groupe_Newfoundland_NL_Offshore,Newfoundland,NL,Offshore
S_23_02204,102330,1182513,11.556,11.19,4965810,undatum,Groupe_Newfoundland_NL_Offshore,Newfoundland,NL,Offshore
S_23_02205,136539,1901664,13.928,15.243,7772472,undatum,Groupe_Newfoundland_NL_Offshore,Newfoundland,NL,Offshore
S_23_02206,43521,834079,19.165,7.459,9153911,undatum,Groupe_Newfoundland_NL_Offshore,Newfoundland,NL,Offshore
S_23_02207,75686,758679,10.024,8.156,3427315,undatum,Groupe_Newfoundland_NL_Offshore,Newfoundland,NL,Offshore
S_23_02208,116667,1367994,11.726,12.271,5741171,undatum,Groupe_Newfoundland_NL_Offshore,Newfoundland,NL,Offshore
S_23_02210,137718,2288580,16.618,17.712,9000707,undatum,Groupe_Newfoundland_NL_Offshore,Newfoundland,NL,Offshore
S_23_02211,130359,2045862,15.694,15.639,8599301,undatum,Groupe_Newfoundland_NL_Offshore,Newfoundland,NL,Offshore
S_23_02212,124047,1762512,14.208,14.053,7152587,undatum,Groupe_Newfoundland_NL_Offshore,Newfoundland,NL,Offshore
S_23_02213,127567,1872590,14.679,15.679,7570502,undatum,Groupe_Newfoundland_NL_Offshore,Newfoundland,NL,Offshore
S_23_02214,159636,2853176,17.873,20.107,11136421,undatum,Groupe_Newfoundland_NL_Offshore,Newfoundland,NL,Offshore
S_23_02215,92700,752861,8.121,8.48,3137389,undatum,Groupe_Newfoundland_NL_Offshore,Newfoundland,NL,Offshore
S_23_02216,87328,699273,8.007,8.042,2991727,undatum,Groupe_Newfoundland_NL_Offshore,Newfoundland,NL,Offshore
S_23_02217,99451,1130165,11.364,11.046,4510274,undatum,Groupe_Newfoundland_NL_Offshore,Newfoundland,NL,Offshore
S_23_02218,126943,1896536,14.94,15.507,7414335,undatum,Groupe_Newfoundland_NL_Offshore,Newfoundland,NL,Offshore
S_23_02219,89390,935920,10.47,7.879,4924641,undatum,Groupe_Newfoundland_NL_Offshore,Newfoundland,NL,Offshore
S_23_02237,128878,2554741,19.823,21.895,10743784,undatum,Groupe_Newfoundland_3Ps_Offshore,Newfoundland,3Ps,Offshore
S_23_02238,112731,1278859,11.344,11.934,5224572,undatum,Groupe_Newfoundland_3Ps_Offshore,Newfoundland,3Ps,Offshore
S_23_02239,136922,1507330,11.009,12.023,5910634,undatum,Groupe_Newfoundland_3Ps_Offshore,Newfoundland,3Ps,Offshore
S_23_02240,133568,4112342,30.788,34.365,17122206,undatum,Groupe_Newfoundland_3Ps_Offshore,Newfoundland,3Ps,Offshore
S_23_02241,126910,1832895,14.442,15.55,7506881,undatum,Groupe_Newfoundland_3Ps_Offshore,Newfoundland,3Ps,Offshore
S_23_02242,77689,608241,7.829,8.008,2760693,undatum,Groupe_Newfoundland_3Ps_Offshore,Newfoundland,3Ps,Offshore
S_23_02243,118530,1106474,9.335,9.843,4598156,undatum,Groupe_Newfoundland_3Ps_Offshore,Newfoundland,3Ps,Offshore
S_23_02244,139178,2296051,16.497,18.161,9321900,undatum,Groupe_Newfoundland_3Ps_Offshore,Newfoundland,3Ps,Offshore
S_23_02244_rep,136705,1878328,13.74,15.04,7627604,undatum,Groupe_Newfoundland_3Ps_Offshore,Newfoundland,3Ps,Offshore
S_23_02245,138576,2217445,16.002,17.654,9115008,undatum,Groupe_Newfoundland_3Ps_Offshore,Newfoundland,3Ps,Offshore
S_23_02246,136328,2634409,19.324,21.232,10725255,undatum,Groupe_Newfoundland_3Ps_Offshore,Newfoundland,3Ps,Offshore
S_23_02247,124058,1590422,12.82,13.825,6298088,undatum,Groupe_Newfoundland_3Ps_Offshore,Newfoundland,3Ps,Offshore
S_23_02248,95415,975507,10.224,10.679,4182852,undatum,Groupe_Newfoundland_3Ps_Offshore,Newfoundland,3Ps,Offshore
S_23_02249,142114,2091148,14.715,16.689,8370230,undatum,Groupe_Newfoundland_3Ps_Offshore,Newfoundland,3Ps,Offshore
S_23_02250,121675,1558797,12.811,13.766,6927437,undatum,Groupe_Newfoundland_3Ps_Offshore,Newfoundland,3Ps,Offshore
S_23_02251,139386,2342302,16.804,18.592,9508263,undatum,Groupe_Newfoundland_3Ps_Offshore,Newfoundland,3Ps,Offshore
S_23_02252,142,2586,18.211,17.543,11116113,undatum,Groupe_Newfoundland_3Ps_Offshore,Newfoundland,3Ps,Offshore
S_23_02253,97108,852309,8.777,9.068,3578249,undatum,Groupe_Newfoundland_3Ps_Offshore,Newfoundland,3Ps,Offshore
S_23_02254,138766,2321207,16.727,18.423,9463255,undatum,Groupe_Newfoundland_3Ps_Offshore,Newfoundland,3Ps,Offshore
S_23_02255,148061,2032293,13.726,15.388,7903624,undatum,Groupe_Newfoundland_3Ps_Offshore,Newfoundland,3Ps,Offshore
S_23_02256,147874,3552533,24.024,27.713,14074440,undatum,Groupe_Newfoundland_3Ps_Offshore,Newfoundland,3Ps,Offshore
S_23_02257,149128,2012648,13.496,15.207,7900042,undatum,Groupe_Newfoundland_3Ps_Offshore,Newfoundland,3Ps,Offshore
S_23_02258,122026,1554908,12.742,13.65,6099150,undatum,Groupe_Newfoundland_3Ps_Offshore,Newfoundland,3Ps,Offshore
S_23_02259,147010,2531229,17.218,19.327,10294742,undatum,Groupe_Newfoundland_3Ps_Offshore,Newfoundland,3Ps,Offshore
S_23_02260,129439,3198701,24.712,26.891,12966481,undatum,Groupe_Newfoundland_3Ps_Offshore,Newfoundland,3Ps,Offshore
S_23_02261,443,2566,5.792,5.05,598261,undatum,Groupe_Newfoundland_3Ps_Offshore,Newfoundland,3Ps,Offshore
S_23_02262,130626,2171127,16.621,18.098,8938451,undatum,Groupe_Newfoundland_3Ps_Offshore,Newfoundland,3Ps,Offshore
S_23_02263,127180,1804548,14.189,15.321,7053510,undatum,Groupe_Newfoundland_3Ps_Offshore,Newfoundland,3Ps,Offshore
S_23_02264,133332,1800699,13.505,14.97,7291255,undatum,Groupe_Newfoundland_3Ps_Offshore,Newfoundland,3Ps,Offshore
S_23_02265,273,4141,15.168,13.872,13130440,undatum,Groupe_Newfoundland_3Ps_Offshore,Newfoundland,3Ps,Offshore
S_23_02266,167,1980,11.856,13.422,5382600,undatum,Groupe_Newfoundland_3Ps_Offshore,Newfoundland,3Ps,Offshore
S_23_02267,140459,2371003,16.88,18.734,9523404,undatum,Groupe_Newfoundland_3Ps_Offshore,Newfoundland,3Ps,Offshore
S_23_02268,118071,1345346,11.394,12.202,5421069,undatum,Groupe_Newfoundland_3Ps_Offshore,Newfoundland,3Ps,Offshore
S_23_02269,121448,1737863,14.31,15.421,7309975,undatum,Groupe_Newfoundland_3Ps_Offshore,Newfoundland,3Ps,Offshore
S_23_02270,10154,59598,5.869,5.554,423217,undatum,Groupe_Newfoundland_3Ps_Offshore,Newfoundland,3Ps,Offshore
S_23_02271,147,2334,15.878,14.377,7804592,undatum,Groupe_Newfoundland_3Ps_Offshore,Newfoundland,3Ps,Offshore
